{
    "applicationTitle": "Proposal & Legal Document Generator",
    "buttons": {
        "save": "Save",
        "create-proposal": "Create a New Proposal",
        "generate-proposal": "Generate Proposal",
        "override": "Override",
        "resubmit": "Resubmit",
        "proposal": "Proposal",
        "legal": "Legal",
        "plan-setup": "Plan Setup",
        "send-advanced-underwriter": "Send to Advanced Underwriter"
    },
    "mask": {
        "currency": { 
            "precision": 2,
            "max": 100000000
        },
        "percent": { 
            "precision": 2,
            "max": 100
        }
    },
    "common": {
        "header": {
            "login-bar": {
                "greeting": "Hi,",
                "buttons": {
                    "login": "Log In",
                    "logout": "Log Out"
                }
            },
            "navigation-bar": {
            },
            "case-bar": {
                "advisor": {
                    "labelTitle": "Advisor Name",
                    "placeHolder": "Brad Marchand"
                },
                "planName": {
                    "labelTitle": "Plan Name",
                    "placeHolder": "Netflix Retirement"
                },
                "asignee": "Asignee",
                "proposal": "Proposal ID",
                "assumption": "Assumption Table"
            }
        },
        "placeholders": {
            "currency": "$100.00",
            "percent": "100.00%",
            "multiSelect": "Select All"
        }
    },
    "proposal": {
        "secondary-nav": [
            {
                "title": "Plan Summary",
                "url": "/proposal/data-collection"
            },
            {
                "title": "Search",
                "url": "/proposal"
            },
            {
                "title": "Work Queue",
                "url": "/proposal"
            }
        ],
        "dashboard": {
            "pageTitle": "Search",
            "search": {
                "title": "Search",
                "advisor": {
                    "labelTitle": "Advisor Name",
                    "placeHolder": "First Name, Last Name",
                    "popOver": "Information about this popover. there is more information here than needed as we are testing this for size and background purposes."
                },
                "planName": {
                    "labelTitle": "Plan Name",
                    "placeHolder": "Netflix Retirement Plan"
                },
                "territoryAssignment": {
                    "labelTitle": "Territory Assignment",
                    "placeHolder": "Choose Assignment"
                },
                "assignee": {
                    "labelTitle": "Assignee",
                    "placeHolder": "Choose Assignee"
                },
                "docType": {
                    "labelTitle": "Doc Type",
                    "placeHolder": "Choose Doc Type"
                },
                "proposalID": {
                    "labelTitle": "Proposal ID",
                    "placeHolder": "Choose Proposal"
                }
            },
            "work-que": {
                "title": "Work Que",
                "cases": {
                    "title": "View By:",
                    "my-cases": "My Cases",
                    "all-cases": "All Cases",
                    "unassigned": "Unassigned"
                }
            },
            "buttons": {
                "search": "Search",
                "communication-log": "Plan Communication Log"
            }
        },
        "search-results" : {
            "pageTitle": "Search Results",
            "search": {
                "title": "Search Results"
            }
        },
        "communication-log" : {
            "pageTitle": "Plan Communication Log",
            "communication": {
                "title": "Plan Communication Log"
            }
        },
        "data-collection": {
            "pageTitle": "Data Collection",
            "proposal": {
                "subPageTitle": "Proposal",
                "subSection1": {
                    "subSectionTitle": "General Plan Data",
                    "formSection": {
                        "subFormSection1": {
                            "subFormSectionTitle": "Fixed Product",
                            "grossRate": {
                                "labelTitle": "Gross Rate",
                                "placeHolder": "Choose Rate"
                            },
                            "rateQuarter": {
                                "labelTitle": "Rate Quarter Default",
                                "placeHolder": "Choose Date"
                            },
                            "overwriteQuarterly": {
                                "labelTitle": "Overwrite - Quarterly",
                                "placeHolder": "Choose Quarterly"
                            },
                            "overwriteYearly": {
                                "labelTitle": "Overwrite - Yearly - Optional",
                                "placeHolder": "Choose Yearly"
                            }
                        }
                    }
                },
                "subSection2": {
                    "subSectionTitle": "Nationwide Pricing",
                    "description": "Any changes to Nationwide Pricing after Advanced Underwriter overwrites the Pricing Output data, will wipe out all overwritten values and return output to original calculated values.",
                    "formSection": {
                        "subFormSection1": {
                            "startUpPlan": {
                                "labelTitle": "Start-up plan",
                                "values": [
                                    {
                                        "title": "Yes",
                                        "value": "yes"
                                    },
                                    {
                                        "title": "No",
                                        "value": "no"
                                    }
                                ]
                            },
                            "flow": {
                                "labelTitle": "Flow",
                                "placeHolder": "Choose Flow"
                            },
                            "planStateCode": {
                                "labelTitle": "Plan State Code",
                                "placeHolder": "Choose State"
                            }
                        },
                        "subFormSection2": {
                            "subFormSectionTitle": "Fixed Product",
                            "fixedProduct": {
                                "labelTitle": "Fixed Product",
                                "placeHolder": "Fixed Select"
                            }
                        }
                    }
                },
                "subSection3": {
                    "subSectionTitle": "Nationwide Advantage Mapping Optoins",
                    "formSection": {
                        "subFormSection1": {
                            "choosePlan": {
                                "labelTitle": "Choose a Plan",
                                "placeHolder": "Choose Plan"
                            }
                        },
                        "subFormSection2": {
                            "fixedSelect": {
                                "labelTitle": "Fixed Select",
                                "placeHolder": "Choose Fixed Select"
                            },
                            "americanCenturyCIT": {
                                "labelTitle": "American Century CITs",
                                "placeHolder": "Choose American Century CITs"
                            },
                            "managedAccount": {
                                "labelTitle": "Managed Account (NotPA)",
                                "placeHolder": "Choose Managed Account"
                            }
                        }
                    }
                },
                "subSection4": {
                    "subSectionTitle": "Pricing - output / Advanced Underwriter Pricing Request",
                    "formSection": {
                        "subFormSection1": {
                            "subFormSectionTitle": "Standard Fee",
                            "oneTimeSetup": {
                                "labelTitle": "One-Time Setup",
                                "placeHolder": "Choose Option"
                            },
                            "annualAdministration": {
                                "labelTitle": "Annual Administration",
                                "placeHolder": "Choose Annual Administration"
                            },
                            "netInterestRate": {
                                "labelTitle": "Net Interest Rate",
                                "placeHolder": "Choose Net Interest Rate"
                            },
                            "planType": {
                                "labelTitle": "Plan Type",
                                "placeHolder": "Choose Plan Type"
                            }
                        }
                    }
                }
            },
            "legal": {
                "subPageTitle": "Legal",
                "subSection1": {
                    "subSectionTitle": "Plan Information",
                    "formSection": {
                        "subFormSection1": {
                            "description": "Please review the following about your plan...",
                            "nationwideAdvisorLicenseNumber": {
                                "labelTitle": "Nationwide Advisor License Number",
                                "placeHolder": "Enter Nationwide Advisor License Number"
                            },
                            "nationwideProposalNumber": {
                                "labelTitle": "Nationwide Proposal Number",
                                "placeHolder": "Enter Nationwide Proposal Number"
                            },
                            "commisionBasedAdvisors": {
                                "labelTitle": "Are there multiple commision-based Advisors?",
                                "values": [
                                    {
                                        "title": "Yes",
                                        "value": "yes"
                                    },
                                    {
                                        "title": "No",
                                        "value": "no"
                                    }
                                ]
                            },
                            "provideAdvisorName": {
                                "labelTitle": "If Yes, Provide advisor names and commision split:",
                                "placeHolder": "Enter advisor names and commision split"
                            },
                            "administratorAssetBased": {
                                "labelTitle": "Administrator Asset Based Deduct and Forward:",
                                "placeHolder": "Enter Asset Based Deduct and Forward"
                            },
                            "legalPlanNane": {
                                "labelTitle": "Legal Plan Name:",
                                "placeHolder": "Enter Legal Plan Name"
                            },
                            "legalDocumentsDate": {
                                "labelTitle": "Date Legal Documents needed by:",
                                "placeHolder": "Enter/Select date need by"
                            },
                            "deliveryMethod": {
                                "labelTitle": "Delivery Method:",
                                "values": [
                                    {
                                        "title": "PDF",
                                        "value": "pdf"
                                    },
                                    {
                                        "title": "USB",
                                        "value": "udb"
                                    },
                                    {
                                        "title": "iPad",
                                        "value": "ipad"
                                    },
                                    {
                                        "title": "DocuSign (provide Signer information below for DocuSign)",
                                        "value": "docusign"
                                    }
                                ]
                            },
                            "planSponsorName": {
                                "labelTitle": "Plan Sponsor Name:",
                                "placeHolder": "Enter Plan Sponsor Name"
                            },
                            "planSponsorNameEmail": {
                                "labelTitle": "Email:",
                                "placeHolder": "Enter Plan Sponsor Email"
                            },
                            "advisorName": {
                                "labelTitle": "Advisor Name:",
                                "placeHolder": "Enter Advisor Name"
                            },
                            "advisorNameEmail": {
                                "labelTitle": "Email:",
                                "placeHolder": "Enter Advisor Email"
                            },
                            "authorizedTPA": {
                                "labelTitle": "Authorized TPA Name: (if unbundled)",
                                "placeHolder": "Enter Authorized TPA Name"
                            },
                            "authorizedTPAEmail": {
                                "labelTitle": "Email:",
                                "placeHolder": "Enter Authorized TPA Email"
                            },
                            "additionalPartyName": {
                                "labelTitle": "Additional Party Name: (e.g. -3(16) Fiduciary)",
                                "placeHolder": "Additional Party Name"
                            },
                            "additionalPartyNameEmail": {
                                "labelTitle": "Email:",
                                "placeHolder": "Enter Additional Party Email"
                            },
                            "planOrigin": {
                                "labelTitle": "Plan Origin",
                                "values": [
                                    {
                                        "title": "Takeover",
                                        "value": "takeover"
                                    },
                                    {
                                        "title": "Startup w/Rollovers",
                                        "value": "startup"
                                    },
                                    {
                                        "title": "Nationwide Product Conversion",
                                        "value": "npc"
                                    },
                                    {
                                        "title": "Nationwide Administrator Change",
                                        "value": "nac"
                                    }
                                ]
                            },
                            "businessEntityType": {
                                "labelTitle": "Business Entity Type",
                                "values": [
                                    {
                                        "title": "C-Corp",
                                        "value": "ccorp"
                                    },
                                    {
                                        "title": "Sole Proprietorship",
                                        "value": "sp"
                                    },
                                    {
                                        "title": "Governmental Entity",
                                        "value": "ge"
                                    },
                                    {
                                        "title": "Non-Profit/501c",
                                        "value": "np501"
                                    },
                                    {
                                        "title": "Sub-S Corp",
                                        "value": "sscorp"
                                    },
                                    {
                                        "title": "Partnership",
                                        "value": "partnership"
                                    },
                                    {
                                        "title": "Professional Corp",
                                        "value": "procorp"
                                    },
                                    {
                                        "title": "Church Organization",
                                        "value": "churchorg"
                                    }
                                ]
                            },
                            "llcTaxed": {
                                "labelTitle": "LLC Taxed as a:",
                                "values": [
                                    {
                                        "title": "Partnership",
                                        "value": "partnership"
                                    },
                                    {
                                        "title": "S-Corp",
                                        "value": "scorp"
                                    },
                                    {
                                        "title": "Corporation (members are W-2 EEs)",
                                        "value": "corp"
                                    }
                                ]
                            },
                            "planAssetsDirected": {
                                "labelTitle": "How are plan assets directed?",
                                "values": [
                                    {
                                        "title": "Employee",
                                        "value": "employee"
                                    },
                                    {
                                        "title": "Employee/Trustee",
                                        "value": "employee-trustee"
                                    },
                                    {
                                        "title": "Both",
                                        "value": "both"
                                    }
                                ]
                            },
                            "holdAllPlanAssets": {
                                "labelTitle": "Will Nationwide hold all Plan Assets?",
                                "values": [
                                    {
                                        "title": "Yes",
                                        "value": "yes"
                                    },
                                    {
                                        "title": "No",
                                        "value": "no"
                                    }
                                ]
                            },
                            "holdAllPlanAssetsNo": {
                                "labelTitle": "If No, Name of holding company:",
                                "placeHolder": "Enter Name of Holding Company"
                            },
                            "depositStatus": {
                                "labelTitle": "Deposit Status",
                                "values": [
                                    {
                                        "title": "Open",
                                        "value": "open"
                                    },
                                    {
                                        "title": "Closed",
                                        "value": "closed"
                                    }
                                ]
                            },
                            "investmentType": {
                                "labelTitle": "Type of investment:",
                                "placeHolder": "Enter Type of investment"
                            }
                        }
                    }
                },
                "subSection2": {
                    "subSectionTitle": "Product & Service Information",
                    "formSection": {
                        "subFormSection1": {}
                    }
                },
                "subSection3": {
                    "subSectionTitle": "Current Provider Information",
                    "formSection": {
                        "subFormSection1": {}
                    }
                },
                "subSection4": {
                    "subSectionTitle": "Additional Plan Information",
                    "formSection": {
                        "subFormSection1": {}
                    }
                },
                "subSection5": {
                    "subSectionTitle": "Additional Service Information",
                    "formSection": {
                        "subFormSection1": {}
                    }
                }
            },
            "planSetup": {
                "subPageTitle": "Plan Setup",
                "subSection1": {
                    "subSectionTitle": "Plan Setup Data 1",
                    "formSection": {
                        "subFormSection1": {
                            "irsPlanType": {
                                "labelTitle": "IRS Plan Type",
                                "placeHolder": "Choose IRS Plan Type"
                            },
                            "planRecurringAssets": {
                                "labelTitle": "Plan Recurring Assets",
                                "placeHolder": "Enter Plan Recurring Assets"
                            },
                            "numberActualEmployees": {
                                "labelTitle": "Number of Actual Employees",
                                "placeHolder": "Enter Number of Employees"
                            }
                        }
                    }
                }
            }
        },
        "status-history": {
            "pageTitle": "Status History",
            "proposal-history": {
                "section-title": "Proposal History"
            },
            "binder-history": {
                "section-title": "Binder History"
            }
        },
        "other-system-verification": {
            "pageTitle": "Other System Verification"
        },
        "plan-related-documents": {
            "pageTitle": "Plan Related Documents"
        },
        "summary": {
            "pageTitle": "Proposal Summary",
            "planSetupData1": {
                "irsPlanType": {
                    "labelTitle": "IRS Plan Type"
                },
                "planRecurringAssets": {
                    "labelTitle": "Plan Recurring Assets"
                },
                "numberActualEmployees": {
                    "labelTitle": "Number of Actual Employees"
                }
            },
            "modal": {
                "labelTitle": "Message to implementation manager",
                "button": "OK"
            }
        }
    },
    "admin": {
        "userRole": {
            "text": "Sample text",
            "text2": "Sample text2"
        },
        "search-menu": {
            "placeHolder": "Search",
            "menu-items" : [
               {
                    "menuTitle": "Search",
                    "url": "/admin"
                },
                {
                    "menuTitle": "Permission Management",
                    "url": "/admin"
                },
                {
                    "menuTitle": "Assumption Table Management",
                    "url": "/admin"
                },
                {
                    "menuTitle": "Legal Doc Template Update",
                    "url": "/admin"
                }
            ]
        }
    }
}