{
  "AsofDate": null,
  "AssetClass": null,
  "BenchmarkFiveYear": -999,

  "BenchmarkOneMonth": -999,
  "BenchmarkOneYear": -999,
  "BenchmarkTenYear": -999,
  "BenchmarkThreeMonth": -999,
  "BenchmarkThreeYear": -999,
  "BenchNote": null,
  "CUSIP": null,
  "CustomFund": false,
  "CustomFundCode": null,
  "customFundFactSheet": false,
  "customProspectus": false,
  "DeferredSalesCharge": -999,
  "ExpDate_string": null,
  "ExpRatio": -999,
  "Fee12B1": -999,
  "FiveYear": -999,
  "FrontEndSalesCharge": -999,
  "FundID": null,
  "Inception": null,
  "Is_Extend": false,
  "MasterFundId": 0,
  "MgmtFee": -999,
  "MgmtStylePassive": null,
  "MorningStarCategory": null,
  "MorningstarOverallRating": null,
  "Name": null,
  "NetExpRatio": -999,
  "OneMonth": -999,
  "OneYear": -999,
  "OtherFees": -999,
  "PlanLevelFund": false,
  "PrevYr1Return": -999,
  "PrevYr2Return": -999,
  "PrevYr3Return": -999,
  "PrevYr4Return": -999,
  "PrevYr5Return": -999,
  "PrevYr6Return": -999,
  "ProviderId": "00000000-0000-0000-0000-000000000000",
  "RedeemDays": null,
  "RedemptionFee": -999,
  "SinceInception": -999,
  "TenYear": -999,
  "ThreeMonth": -999,
  "ThreeYear": null,
  "Ticker": null,
  "transition": null,
  "UniqueID": null,
  "UseStandardPerformance": false,
  "WebSite": null,
  "YTD": -999
}

if(this.settings.includeFeesInXML && this.settings.nfcHasBenchmark && this.settings.nfchasperformance) {
          "BenchmarkName": null,