{
  "IsEncrypted": false,
  "Values": {
    "AzureWebJobsStorage": "UseDevelopmentStorage=true",
    "FUNCTIONS_WORKER_RUNTIME": "dotnet",
    "StorageConnectionString": "DefaultEndpointsProtocol=https;AccountName=usazr3intdevsa001hot;AccountKey=fZcc8P/AZrBwFdX5GmvWgtVMxRqiVpuseJ5rDGb+jwML6PCnWBGqff6cSlJD1mkWi6CstZOTSWgs7WNValyJ/g==;EndpointSuffix=core.windows.net",
    "connectionString": "DefaultEndpointsProtocol=https;AccountName=usazr3intdevsa001hot;AccountKey=fZcc8P/AZrBwFdX5GmvWgtVMxRqiVpuseJ5rDGb+jwML6PCnWBGqff6cSlJD1mkWi6CstZOTSWgs7WNValyJ/g==;EndpointSuffix=core.windows.net",
    //"url": "https://hotordertool.azurewebsites.net/api/v1/"
    "url": "https://localhost:5001/api/v1/"
  },
  "Serilog": {
    "Using": [],
    "Minimumlevel": {
      "Default": "Information",
      "Override": {
        "Microsoft": "Warning",
        "System": "Warning"
      }
    },
    "Enrich": [ "FromLogContext", "WithMachineName", "WithProcessId", "WithThreadId" ],
    "WriteTo": [
      {
        "Name": "Console"
      },
      {
        "Name": "File",
        "Args": {
          "path": "C:\\\\Demos\\Logs1\\Logs.txt",
          "outputTemplate": "{Timestamp:G}{Message}{NewLine:1}{Exception:1}"
        }
      },
      {
        "Name": "AzureTableStorage",
        "Args": {
          "storageTableName": "hotorderserilog",
          "connectionString": "DefaultEndpointsProtocol=https;AccountName=usazr3intdevsa001hot;AccountKey=fZcc8P/AZrBwFdX5GmvWgtVMxRqiVpuseJ5rDGb+jwML6PCnWBGqff6cSlJD1mkWi6CstZOTSWgs7WNValyJ/g==;EndpointSuffix=core.windows.net"
        }
      }
    ]
  }
  
}

