[
    {
        "providerId": "74a47b69-d180-4124-86ee-fd6c37493eeb",
        "logoId": "A12345",
        "thumbnail": "logo.png"
    },
    {
        "providerId": "74a47b69-d180-4124-86ee-fd6c37493eeb",
        "logoId": "B12345",
        "thumbnail": "logoTemp2.jpg"
    },
    {
        "providerId": "74a47b69-d180-4124-86ee-fd6c37493eeb",
        "logoId": "C12345",
        "thumbnail": "logoTemp.jpg"
    },
    {
        "providerId": "74a47b69-d180-4124-86ee-fd6c37493eeb",
        "logoId": "D12345",
        "thumbnail": "logoTemp1.jpg"
    },
    {
        "providerId": "74a47b69-d180-4124-86ee-fd6c37493eeb",
        "logoId": "E12345",
        "thumbnail": "logoTemp3.jpg"
    }
]



