[
  {
        "providerId": "74a47b69-d180-4124-86ee-fd6c37493eeb",
        "externalPlanId": "400007",
        "planName1": "Brooker Ford, Inc. 401(k) Retirement Plan",
        "planName2": "",
        "logoId": "400037",
        "message1Id": "RETIRE",
        "message2Id": "SAVENOW",
        "message3Id": "PLANNING",
        "message4Id": "GOLDENYEARS",
        "message5Id": "TAX"
    },
    {
        "providerId": "74a47b69-d180-4124-86ee-fd6c37493eeb",
        "externalPlanId": "400010",
        "planName1": "WF Jackson Construction Co, Inc Profit Sharing Plan",
        "planName2": "",
        "logoId": "00002",
        "message1Id": "RETIRE",
        "message2Id": "SAVENOW",
        "message3Id": "PLANNING",
        "message4Id": "GOLDENYEARS",
        "message5Id": "TAX"
    },
    {
        "providerId": "74a47b69-d180-4124-86ee-fd6c37493eeb",
        "externalPlanId": "400016",
        "planName1": "Stephen Fuller, Inc. 401(k) Savings Plan",
        "planName2": "",
        "logoId": "00003",
        "message1Id": null,
        "message2Id": null,
        "message3Id": null,
        "message4Id": null,
        "message5Id": null
    },
    {
        "providerId": "74a47b69-d180-4124-86ee-fd6c37493eeb",
        "externalPlanId": "400027",
        "planName1": "John S. James Co. Profit Sharing Plan",
        "planName2": "",
        "logoId": "00004",
        "message1Id": null,
        "message2Id": null,
        "message3Id": null,
        "message4Id": null,
        "message5Id": null
    },
    {
        "providerId": "74a47b69-d180-4124-86ee-fd6c37493eeb",
        "externalPlanId": "400030",
        "planName1": "Millennium Mat Partners Retirement Program",
        "planName2": "",
        "logoId": "00005",
        "message1Id": null,
        "message2Id": null,
        "message3Id": null,
        "message4Id": null,
        "message5Id": null
    },
    {
        "providerId": "74a47b69-d180-4124-86ee-fd6c37493eeb",
        "externalPlanId": "400037",
        "planName1": "burton + BURTON Profit Sharing & 401(k) Plan",
        "planName2": "",
        "logoId": "400037",
        "message1Id": null,
        "message2Id": null,
        "message3Id": null,
        "message4Id": null,
        "message5Id": null
    },
    {
        "providerId": "74a47b69-d180-4124-86ee-fd6c37493eeb",
        "externalPlanId": "400040",
        "planName1": "NE Georgia Health System, Inc. 401(k) Retirement Savings Plan",
        "planName2": "",
        "logoId": "400040",
        "message1Id": null,
        "message2Id": null,
        "message3Id": null,
        "message4Id": null,
        "message5Id": null
    }
]
